loss,accuracy,recall,precision,AUROC,AUPRC,f1_score,balanced_accuracy,specificity,miss_rate,fall_out,mcc,val_loss,val_accuracy,val_recall,val_precision,val_AUROC,val_AUPRC,val_f1_score,val_balanced_accuracy,val_specificity,val_miss_rate,val_fall_out,val_mcc,time_this_iter_s,done,timesteps_total,episodes_total,training_iteration,experiment_id,date,timestamp,time_total_s,pid,hostname,node_ip,time_since_restore,timesteps_since_restore,iterations_since_restore,trial_id,config/DenseRectangularMetaLayer_0_activity_regularizer_l1,config/DenseRectangularMetaLayer_0_activity_regularizer_l2,config/DenseRectangularMetaLayer_0_bias_regularizer_l1,config/DenseRectangularMetaLayer_0_bias_regularizer_l2,config/DenseRectangularMetaLayer_0_dropout_rate,config/DenseRectangularMetaLayer_0_kernel_regularizer_l1,config/DenseRectangularMetaLayer_0_kernel_regularizer_l2,config/DenseRectangularMetaLayer_0_layers,config/DenseRectangularMetaLayer_0_units,config/DenseRectangularMetaLayer_1_activity_regularizer_l1,config/DenseRectangularMetaLayer_1_activity_regularizer_l2,config/DenseRectangularMetaLayer_1_bias_regularizer_l1,config/DenseRectangularMetaLayer_1_bias_regularizer_l2,config/DenseRectangularMetaLayer_1_dropout_rate,config/DenseRectangularMetaLayer_1_kernel_regularizer_l1,config/DenseRectangularMetaLayer_1_kernel_regularizer_l2,config/DenseRectangularMetaLayer_1_layers,config/DenseRectangularMetaLayer_1_units,config/DenseRectangularMetaLayer_2_activity_regularizer_l1,config/DenseRectangularMetaLayer_2_activity_regularizer_l2,config/DenseRectangularMetaLayer_2_bias_regularizer_l1,config/DenseRectangularMetaLayer_2_bias_regularizer_l2,config/DenseRectangularMetaLayer_2_dropout_rate,config/DenseRectangularMetaLayer_2_kernel_regularizer_l1,config/DenseRectangularMetaLayer_2_kernel_regularizer_l2,config/DenseRectangularMetaLayer_2_layers,config/DenseRectangularMetaLayer_2_units,config/DenseRectangularMetaLayer_3_activity_regularizer_l1,config/DenseRectangularMetaLayer_3_activity_regularizer_l2,config/DenseRectangularMetaLayer_3_bias_regularizer_l1,config/DenseRectangularMetaLayer_3_bias_regularizer_l2,config/DenseRectangularMetaLayer_3_dropout_rate,config/DenseRectangularMetaLayer_3_kernel_regularizer_l1,config/DenseRectangularMetaLayer_3_kernel_regularizer_l2,config/DenseRectangularMetaLayer_3_layers,config/DenseRectangularMetaLayer_3_units,logdir
0.4309496372904309,0.87793195,0.5020898,0.7485427,0.8588396999999999,0.692198,0.6010329000000001,0.73213905,0.9621883,0.49791019999999997,0.037811697000000005,0.5470564,0.4703973144292831,0.86776614,0.41208199999999995,0.75419545,0.83952826,0.65163493,0.5329613000000001,0.6909901999999999,0.96989846,0.58791804,0.030101547000000003,0.49234079999999997,5.242085933685303,True,,,10,48f30d16f9c9414bb3844cc340f11d3f,2021-01-14_15-01-57,1610636517,67.11563372612,24322,fc60b1c56261,192.168.127.128,67.11563372612,0,10,4905c516,0.003745401188473625,0.009507143064099163,0.007319939418114051,0.005986584841970366,0.07800932022121826,0.0015599452033620265,0.0005808361216819946,2.5985284373248057,38.47136075156536,0.007080725777960455,0.00020584494295802447,0.009699098521619943,0.008324426408004218,0.10616955533913808,0.0018182496720710061,0.001834045098534338,0.9127267288786132,33.58441162446322,0.004319450186421158,0.002912291401980419,0.006118528947223795,0.0013949386065204184,0.14607232426760908,0.003663618432936917,0.004560699842170359,2.3555278841790406,12.779122058135023,0.005142344384136116,0.005924145688620425,0.00046450412719997725,0.006075448519014384,0.08526206184364576,0.0006505159298527952,0.009488855372533333,2.896896099223678,51.73743027945351,"/root/ray_results/active_enhancers_vs_inactive_enhancers-0/_inner_4905c516_1_DenseRectangularMetaLayer_0_activity_regularizer_l1=0.0037454,DenseRectangularMetaLayer_0_activity_regularizer_l_2021-01-14_15-00-48"
0.3633204830642936,0.8807959999999999,0.5155723,0.7558806,0.86439204,0.6967791999999999,0.61301696,0.7391221,0.9626719000000001,0.48442766,0.037328094,0.55947655,0.36426294818520544,0.87843174,0.5,0.7530463000000001,0.86898595,0.6930682,0.6009725,0.7316246999999999,0.9632495000000001,0.5,0.036750484,0.548243,4.977434158325195,False,,,9,8307e0656d734318a7b2a0598e2d0217,2021-01-14_15-01-48,1610636508,58.609514474868774,24295,fc60b1c56261,192.168.127.128,58.609514474868774,0,9,490adae2,0.0030461376917337067,0.0009767211400638386,0.006842330265121569,0.004401524937396013,0.06101911742238941,0.004951769101112702,0.00034388521115218395,2.7279612062363463,16.561918822401083,0.00662522284353982,0.0031171107608941096,0.005200680211778108,0.005467102793432797,0.09242722776276352,0.009695846277645586,0.007751328233611146,2.8184968246925672,57.268950427369525,0.005978999788110851,0.009218742350231169,0.000884925020519195,0.001959828624191452,0.022613644455269033,0.0032533033076326437,0.0038867728968948203,0.8140470953216877,53.03920058572348,0.003567533266935893,0.0028093450968738076,0.005426960831582485,0.0014092422497476264,0.40109849037701983,0.0007455064367977082,0.009868869366005173,2.3167343078899725,12.717803618187034,"/root/ray_results/active_enhancers_vs_inactive_enhancers-0/_inner_490adae2_2_DenseRectangularMetaLayer_0_activity_regularizer_l1=0.0030461,DenseRectangularMetaLayer_0_activity_regularizer_l_2021-01-14_15-00-48"
0.33272478752628115,0.8816108,0.515033,0.76125944,0.8672073,0.7020287,0.61439484,0.7394116,0.96379024,0.48496696,0.036209762,0.5621126000000001,0.3309804409742355,0.8802094000000001,0.50755125,0.7582595,0.8682849,0.7010694000000001,0.6080774999999999,0.7356421999999999,0.9637331,0.49244875,0.036266923,0.5558126999999999,3.856421947479248,False,,,36,53dd9ee9cf05446597d0eadd9b75d5ba,2021-01-14_15-03-18,1610636598,148.589262008667,24298,fc60b1c56261,192.168.127.128,148.589262008667,0,36,490cbd44,5.5221171236023996e-05,0.008154614284548342,0.007068573438476171,0.007290071680409873,0.38563517334297287,0.0007404465173409036,0.003584657285442726,0.34760717857538914,55.238619256037985,0.006232981268275579,0.003308980248526492,0.0006355835028602363,0.003109823217156622,0.16259166101337352,0.007296061783380641,0.006375574713552132,2.6616382277289796,30.221755210364755,0.001195942459383017,0.00713244787222995,0.007607850486168974,0.005612771975694962,0.3854835899772805,0.004937955963643908,0.0052273282938199404,1.282623055075649,1.626824111622092,0.0010789142699330445,0.0003142918568673425,0.006364104112637804,0.0031435598107632666,0.2542853455823514,0.009075664739260931,0.0024929222914887497,1.2311487691068892,48.355272866755115,"/root/ray_results/active_enhancers_vs_inactive_enhancers-0/_inner_490cbd44_3_DenseRectangularMetaLayer_0_activity_regularizer_l1=5.5221e-05,DenseRectangularMetaLayer_0_activity_regularizer__2021-01-14_15-00-48"
0.37177197434661896,0.88042563,0.49615747,0.76890934,0.85799533,0.6915654999999999,0.6031304,0.73136425,0.966571,0.50384253,0.033429045,0.55441904,0.3770370729267597,0.8770492,0.42233009999999993,0.8181818000000001,0.8619205,0.68961924,0.55709714,0.70064765,0.97896516,0.5776699000000001,0.021034816,0.5305267,4.384984254837036,False,,,7,d28502723d6b4790b134b23a27ab61c9,2021-01-14_15-01-32,1610636492,42.22776794433594,24320,fc60b1c56261,192.168.127.128,42.22776794433594,0,7,490e668a,0.0022879816549162247,0.0007697990982879299,0.00289751452913768,0.0016122128725400441,0.46484882617128653,0.008081203795644169,0.006334037565104235,2.614381770563153,51.435012921543326,0.0018657005888603583,0.008925589984899777,0.005393422419156507,0.008074401551640626,0.4480456499617466,0.0031800347497186387,0.0011005192452767675,0.683805487625825,27.334898472080404,0.008180147659224932,0.008607305832563434,6.952130531190704e-05,0.005107473025775657,0.2087055015743895,0.0022210781047073028,0.001198653673336828,1.0128455142108839,60.346221050401226,0.0032320293202075523,0.005187906217433661,0.007030189588951779,0.00363629602379294,0.48589104136048034,0.009624472949421113,0.0025178229582536417,1.4917455176771564,19.25621182827326,"/root/ray_results/active_enhancers_vs_inactive_enhancers-0/_inner_490e668a_4_DenseRectangularMetaLayer_0_activity_regularizer_l1=0.002288,DenseRectangularMetaLayer_0_activity_regularizer_l2_2021-01-14_15-00-48"
0.3196293277791339,0.88420326,0.5206957,0.77286375,0.8706127,0.7093824000000001,0.6222006999999999,0.74319506,0.9656944,0.47930429999999996,0.034305576000000004,0.572025,0.3229869354516268,0.8809007,0.46332255,0.80280375,0.86858106,0.70539856,0.5875513000000001,0.7189074000000001,0.97449225,0.5366774999999999,0.025507737000000003,0.5507956,4.2459683418273935,False,,,31,8393f5f65034415ab5abb88456e06234,2021-01-14_15-04-11,1610636651,144.35038113594058,24270,fc60b1c56261,192.168.127.128,144.35038113594058,0,31,4910c290,0.002848404943774676,0.00036886947354532797,0.006095643339798969,0.005026790232288615,0.025739375624994676,0.0027864646423661145,0.009082658859666538,0.7186856720009173,9.273271813838278,0.00489452760277563,0.009856504541106008,0.0024205527151150044,0.006721355474058785,0.3808098076643588,0.0023763754399239966,0.007282163486118596,1.1033493981577598,40.46757315798909,0.006335297107608947,0.005357746840747585,0.0009028977005440831,0.00835302495589238,0.16039003248586792,0.0018651851039985423,0.0004077514155476392,1.7726788295647253,43.364119157906075,0.00016587828927856153,0.0051209305829928095,0.0022649577519793795,0.006451727904094499,0.08718321450249572,0.006909377381024659,0.003867353463005374,2.8101899662102037,8.801340425343568,"/root/ray_results/active_enhancers_vs_inactive_enhancers-0/_inner_4910c290_5_DenseRectangularMetaLayer_0_activity_regularizer_l1=0.0028484,DenseRectangularMetaLayer_0_activity_regularizer_l_2021-01-14_15-01-45"
0.33589859004609585,0.88096887,0.518134,0.75500983,0.867822,0.70126855,0.61453587,0.7402215999999999,0.9623091999999999,0.48186597,0.037690796,0.5605800999999999,0.3338283598423004,0.87912303,0.5188781,0.7434312,0.86947095,0.7029898,0.6111816999999999,0.73937136,0.9598646000000001,0.4811219,0.040135395,0.5545818,3.105891466140747,False,,,16,b6f701f738944d88b05c40c7282fe7d7,2021-01-14_15-02-53,1610636573,57.91188716888428,24274,fc60b1c56261,192.168.127.128,57.91188716888428,0,16,6b2a2858,0.003410663510502585,0.0011347352124058908,0.009246936182785628,0.00877339353380981,0.1289708138575778,0.006599840460341791,0.008172222002012158,1.6656024347983869,33.897637014784415,0.002418522909004517,0.0009310276780589922,0.008972157579533268,0.009004180571633305,0.31655072863663397,0.003390297910487007,0.003492095746126609,2.177867036610718,57.415056636964934,0.008870864242651173,0.007798755458576239,0.006420316461542877,0.0008413996499504883,0.08081435704730688,0.008985541885270792,0.006064290596595899,0.027591154849888944,6.494178743426055,0.006635017691080558,5.061583846218687e-05,0.0016080805141749867,0.005487337893665861,0.3459475988463466,0.006519612595026005,0.0022426930946055977,2.1365376640426077,15.183941599795205,"/root/ray_results/active_enhancers_vs_inactive_enhancers-0/_inner_6b2a2858_6_DenseRectangularMetaLayer_0_activity_regularizer_l1=0.0034107,DenseRectangularMetaLayer_0_activity_regularizer_l_2021-01-14_15-01-53"
0.3351528223361694,0.8825243,0.5159768,0.76616615,0.86776817,0.70535916,0.6166613000000001,0.7403369000000001,0.9646969999999999,0.48402318,0.035303008,0.56539947,0.33494933918118475,0.87892556,0.50863,0.74960256,0.86977327,0.7033505999999999,0.60604113,0.73527485,0.9619197,0.49137002,0.03808027,0.5517121,4.223257064819337,False,,,20,4069957d61f44228b125b2f9ad6705af,2021-01-14_15-03-34,1610636614,95.45093059539795,24269,fc60b1c56261,192.168.127.128,95.45093059539795,0,20,70206250,0.0032539969815926773,0.007464914051180242,0.006496328990472147,0.008492234104941779,0.3288064461501717,0.005683086033354716,0.0009367476782809247,1.1031474091783005,16.97295153163043,0.0024398964337908357,0.009730105547524456,0.003930977246667604,0.008920465551771133,0.31556931299863145,0.007948113035416484,0.005026370931051921,1.7307116538790774,31.52113240440729,0.001952429877980445,0.007224521152615054,0.002807723624408558,0.0002431596643145384,0.3227361479535839,0.0017711067940704894,0.009404585843529142,2.861785731007762,58.551320974108705,0.003701587002554444,0.0001545661652886743,0.009283185625877254,0.004281841483173144,0.4833274095218348,0.009636199770892528,0.0085300945546736,0.8833466762087571,24.646254630523217,"/root/ray_results/active_enhancers_vs_inactive_enhancers-0/_inner_70206250_7_DenseRectangularMetaLayer_0_activity_regularizer_l1=0.003254,DenseRectangularMetaLayer_0_activity_regularizer_l2_2021-01-14_15-01-57"
0.3338274741757329,0.8818083000000001,0.5074827999999999,0.7684769,0.8654146999999999,0.70124245,0.61128706,0.73660374,0.96572465,0.49251720000000004,0.034275353,0.5613355,0.3330259382724762,0.8803081,0.46709818,0.7944954000000001,0.8685191999999999,0.7034319,0.5883151999999999,0.72000945,0.9729207000000001,0.5329018,0.027079303,0.5490729999999999,2.935244083404541,False,,,19,368cb5fb44a046629aeefbdac7d30235,2021-01-14_15-04-07,1610636647,65.6391248703003,24271,fc60b1c56261,192.168.127.128,65.6391248703003,0,19,724ff05e,0.00851136671516857,0.0031692200515627766,0.0016949274668609249,0.005568012624583502,0.4680773870803905,0.0069602979667497305,0.00570061170089365,0.2915294813123056,39.36046250874686,0.009900538501042633,0.0014008401523652404,0.005183296523637367,0.008773730719279555,0.3703843088771022,0.00697015740995268,0.007024840839871093,1.0784734536592655,18.789878032927575,0.008093611554785137,0.008101133946791808,0.008670723185801038,0.009132405525564713,0.2556711994304689,0.005015162946871996,0.007982951789667752,1.9498917923332955,44.925880144493014,0.00795792669436101,0.008900053418175664,0.003379951568515358,0.00375582952639944,0.0469909699204345,0.00578280140996174,0.00035942273796742087,1.3967940543973805,34.729256621284904,"/root/ray_results/active_enhancers_vs_inactive_enhancers-0/_inner_724ff05e_8_DenseRectangularMetaLayer_0_activity_regularizer_l1=0.0085114,DenseRectangularMetaLayer_0_activity_regularizer_l_2021-01-14_15-02-59"
0.3441105393852801,0.8806478999999999,0.5237967,0.74898785,0.86247706,0.6987491,0.61647093,0.7422217,0.9606468,0.47620332,0.03935318,0.5607059,0.3544962406158447,0.87290144,0.3764833,0.8419783000000002,0.8632648999999999,0.6942166999999999,0.5203131,0.68032336,0.98416346,0.62351674,0.015836557,0.50873715,4.544190406799316,True,,,10,b2f1f25afcd945249299a5ea06156d36,2021-01-14_15-04-52,1610636692,54.6712212562561,24268,fc60b1c56261,192.168.127.128,54.6712212562561,0,10,978e924e,0.002865412521282844,0.005908332605690108,0.0003050024993904943,0.00037348188749214417,0.4113002803298291,0.003601906414112629,0.0012706051265188479,1.566729780164413,49.279587398311094,0.002158210274968432,0.0062289047581900025,0.00085347464993768,0.000516817211686077,0.265677315784074,0.005406351216101065,0.006374299014982066,2.178274001167985,62.454533085602215,0.0051630034830119536,0.0032295647294124596,0.007951861947687038,0.0027083225126207423,0.21948571035281805,0.0007845638134226596,0.0002535074341545751,2.887945244033775,53.50272771278117,0.00695974206093698,0.004089529444142699,0.0017329432007084577,0.0015643704267108605,0.12512144908229766,0.005492266647061205,0.0071459592270006235,1.9805921301531937,17.91576940454034,"/root/ray_results/active_enhancers_vs_inactive_enhancers-0/_inner_978e924e_9_DenseRectangularMetaLayer_0_activity_regularizer_l1=0.0028654,DenseRectangularMetaLayer_0_activity_regularizer_l_2021-01-14_15-03-55"
0.5702766890726197,0.8750679,0.45557502,0.76778007,0.8088774999999999,0.64953685,0.5718396,0.71234244,0.9691099,0.54442495,0.030890131,0.5277900999999999,0.6119392290711403,0.86885244,0.4449838,0.7339858,0.8031915,0.6443555999999999,0.55406314,0.7044189000000001,0.96385396,0.55501616,0.036146034,0.5033366,4.6743574142456055,False,,,9,e874e8fb40c949e6b2db527071eec531,2021-01-14_15-04-50,1610636690,51.24124884605408,24272,fc60b1c56261,192.168.127.128,51.24124884605408,0,9,b8f0e266,0.009548652806631941,0.0073789691669576855,0.0055435405251140065,0.006117207462343522,0.20980003121389496,0.002477309895011575,0.003559726786512616,2.2735383313931075,0.9211832723043756,0.0011607264050691624,0.0004600264202175275,0.00040728802318970136,0.008554605840110072,0.35182892969001184,0.004741738290873252,0.0009783416065100147,1.4748476253504972,30.302193329956204,0.0017320186991001518,0.0043385164923797305,0.003985047343973734,0.006158500980522165,0.3175468254338219,0.00045304009772044517,0.0037461261462647124,1.8775797471427091,32.20072054912561,0.008564898411883223,0.00658693631618945,0.001629344270814297,0.0007056874740042985,0.3212096391031578,0.00026511310541621816,0.005857755812734633,2.820690724274873,36.83034738405625,"/root/ray_results/active_enhancers_vs_inactive_enhancers-0/_inner_b8f0e266_10_DenseRectangularMetaLayer_0_activity_regularizer_l1=0.0095487,DenseRectangularMetaLayer_0_activity_regularizer__2021-01-14_15-03-57"
0.3395466861368833,0.88121575,0.5068087,0.76526874,0.8657879999999999,0.6992964,0.6097818,0.73597956,0.96515036,0.49319133,0.03484963,0.55916613,0.34192535653710365,0.8802094000000001,0.45415318,0.8072866999999999,0.87033355,0.7021970999999999,0.581291,0.7149272,0.97570115,0.5458468000000001,0.02429884,0.546921,3.4744858741760254,False,,,9,7f7af87012794fe89a463ec1041a1b17,2021-01-14_15-05-38,1610636738,40.93024039268494,24307,fc60b1c56261,192.168.127.128,40.93024039268494,0,9,dc506d30,0.0031328618464186563,4.2253551111661735e-05,0.0034286134766756595,0.0019160539385276564,0.08183757060890484,0.00931658668868712,0.004859488869826113,1.7422568358544597,8.257734374023158,0.0035576610184839185,0.009713290085716557,0.0079591341433148,0.004263747529850254,0.24980624322948825,0.0021438184660246373,0.006169161725104708,1.3566046377383891,41.977808893886355,0.001975885659003319,0.0019862179887497767,0.005397446791597295,0.004214804404562825,0.09167059618375845,0.0072920706412754836,0.009255639159909863,1.3756514725455475,43.38807428990752,0.005147066068134794,0.0035326295165388787,0.0008240090420646274,0.008585589500183335,0.14302938478456778,0.0008786816790966823,0.001485564202818085,1.9324517641898473,10.781746126440346,"/root/ray_results/active_enhancers_vs_inactive_enhancers-0/_inner_dc506d30_11_DenseRectangularMetaLayer_0_activity_regularizer_l1=0.0031329,DenseRectangularMetaLayer_0_activity_regularizer__2021-01-14_15-04-55"
0.3303959319299665,0.8815860999999999,0.52056086,0.7569104,0.8666308000000001,0.70203227,0.6168716999999999,0.7415408,0.9625208000000001,0.47943914,0.03747922,0.563138,0.3313583068549633,0.8792218,0.4681769,0.7855204000000001,0.8689402,0.7010755,0.5866847,0.71976304,0.9713491,0.5318231,0.02865087,0.5451754,3.3899829387664795,False,,,19,78477c9590ea4fa7be0da65f33fb98d8,2021-01-14_15-06-15,1610636775,78.36229515075685,24304,fc60b1c56261,192.168.127.128,78.36229515075685,0,19,dc6967cc,0.003965141177314364,0.007295227358001941,0.005176440443200846,0.006271885394649614,0.23004626788735572,0.007940227055216992,0.0006669702322443738,2.231741136751028,8.061152411176174,0.0023689518598742523,0.009016790687486629,0.0017504016816473134,0.0070336009909838584,0.1431298521892883,0.006590934690440652,0.0004490377213237662,1.6335756726182145,39.89733865042558,0.005354181811003023,0.0053151970313092805,0.0010189359148004128,0.0018045222653653504,0.4829848571662906,0.005699182414541328,0.00962106312831938,0.5195856399235844,43.82773630245994,0.0038713596930162754,0.009099661702068683,0.006315684415920893,0.004265452173110378,0.16668514128117357,0.009565151571039597,0.006155976093800965,1.1418273431883417,8.400970989372688,"/root/ray_results/active_enhancers_vs_inactive_enhancers-0/_inner_dc6967cc_12_DenseRectangularMetaLayer_0_activity_regularizer_l1=0.0039651,DenseRectangularMetaLayer_0_activity_regularizer__2021-01-14_15-04-55"
0.3629558529890789,0.8805738000000001,0.50182015,0.7652138,0.8595603,0.6934071999999999,0.60613954,0.7336515,0.96548283,0.49817985,0.034517154,0.55600005,0.35428746342658995,0.87961686,0.5107875,0.7521843,0.8649063,0.6965314,0.6084163,0.73653495,0.9622824000000001,0.4892125,0.037717602999999995,0.5544779000000001,5.218137741088867,True,,,10,77e9af9f5d27404abd33dcdd61d05b95,2021-01-14_15-06-05,1610636765,67.97366595268251,24261,fc60b1c56261,192.168.127.128,67.97366595268251,0,10,dc803718,0.0034526448369728013,0.00736660975298404,0.006745304799579088,0.007009314171506626,0.18524686557339726,0.00774952669252113,0.001760114929220289,2.0684598927487614,37.48933139231759,0.008283644044671494,0.009468721525442298,0.0061715186591487685,0.006451654996212054,0.4758414470975552,0.007432821216552907,0.0073173656165917925,2.4081201787804107,21.016017192252576,0.0033175142818865043,0.001262915003495927,0.0021537431790045526,0.0015447507685206563,0.08901291802862055,0.005093137663168003,0.006511013517689055,2.6450458798441474,44.384645707846474,0.001747521344668227,0.00748417323903299,0.005980074105229871,0.005268671548036495,0.1714516711620055,0.006502310063875175,0.00790142543503925,2.687418038505133,36.52035799331341,"/root/ray_results/active_enhancers_vs_inactive_enhancers-0/_inner_dc803718_13_DenseRectangularMetaLayer_0_activity_regularizer_l1=0.0034526,DenseRectangularMetaLayer_0_activity_regularizer__2021-01-14_15-04-55"
0.3195130214014911,0.8827465,0.5099097,0.7724673000000001,0.86968225,0.7089605999999999,0.6143101,0.7381194000000001,0.96632916,0.49009034,0.033670846000000004,0.56503093,0.3222677692770958,0.8806044,0.5021575,0.7649959,0.86942506,0.7046477,0.60631716,0.73379153,0.96542555,0.4978425,0.034574468,0.55610794,3.40407395362854,False,,,40,a2417addc6304add913b9f2a49921e9a,2021-01-14_15-07-26,1610636846,148.35765194892886,24301,fc60b1c56261,192.168.127.128,148.35765194892886,0,40,dc95ba02,0.008206079740841728,0.006130343289171232,0.007875298159073684,0.006116146229226807,0.3405212501769567,0.0017057465341602852,0.002568020021605708,0.8021375322054305,7.016928373229597,0.007335519229284846,0.004974498358277791,0.007177396590893676,0.004234792784299805,0.1115583432505195,0.004219403899021149,0.0003168123169461945,1.0996791202851903,39.27733982653181,0.005797749376340978,0.006480192950824116,0.006563208537128922,0.007668587212045944,0.45696179439091295,0.00700505608301494,0.0061379099798576755,0.728787940723461,43.900633593417616,0.006784867477454742,0.00238868540243519,0.0017065738396785613,0.006281381100391288,0.465759876722345,0.003006989313826024,0.0012137521850079048,2.4654179068445714,9.665489236626655,"/root/ray_results/active_enhancers_vs_inactive_enhancers-0/_inner_dc95ba02_14_DenseRectangularMetaLayer_0_activity_regularizer_l1=0.0082061,DenseRectangularMetaLayer_0_activity_regularizer__2021-01-14_15-04-55"
0.3420154466481157,0.8820551999999999,0.5140892,0.7647413000000001,0.87063533,0.7093106,0.61485124,0.73931754,0.96454585,0.48591074,0.03545413,0.56343794,0.3444572687149048,0.87912303,0.48273999999999995,0.7715517,0.87058353,0.7022609000000001,0.59389514,0.7253520999999999,0.96796423,0.51725996,0.032035783,0.5472974,2.429561853408813,True,,,10,52d95561fce541329908eada1d31e1b5,2021-01-14_15-06-17,1610636777,34.161977052688606,24321,fc60b1c56261,192.168.127.128,34.161977052688606,0,10,dcab7a86,0.00630600256695982,0.009353132337491797,0.0068729594858405975,0.009884813020480068,0.026487693787627276,0.0007328952734281014,0.005310207924328779,0.994219925851703,40.167164643160916,0.008162895242946186,0.007207860448495827,0.001442398165691986,0.004019554898357128,0.4958677949544331,0.006331565456920202,0.00025842471410873925,0.11936511604916922,17.600285823387395,0.0016789404177067614,0.0067942627950154846,0.003978592306859533,0.0031819115612632376,0.48363883221640364,0.008540939425806686,0.0004477883010691974,0.21616007857100727,45.18108524175138,0.006322243649265471,0.005516899745362546,0.005516887506396823,0.0014691549165712582,0.206305861608723,0.005599361153005917,0.0030877471192174133,1.4085925004783058,38.14850531337145,"/root/ray_results/active_enhancers_vs_inactive_enhancers-0/_inner_dcab7a86_15_DenseRectangularMetaLayer_0_activity_regularizer_l1=0.006306,DenseRectangularMetaLayer_0_activity_regularizer_l_2021-01-14_15-05-41"
0.3681554367210146,0.87941337,0.526628,0.73991287,0.85819733,0.6938828,0.6153119,0.74256444,0.9585007999999999,0.47337198,0.041499167999999996,0.55731124,0.3796509951353073,0.87309897,0.3867314,0.8289017,0.85642105,0.68523777,0.5273998000000001,0.6844199000000001,0.9821083,0.6132685999999999,0.017891683000000002,0.5103414000000001,4.206394433975221,True,,,10,9b4f42e0c84b46aa92b2f437399ad808,2021-01-14_15-07-01,1610636821,53.791144609451294,24291,fc60b1c56261,192.168.127.128,53.791144609451294,0,10,f81155de,0.0012518415692731916,0.003692865925852308,0.01,0.01,0.0,0.0,0.01,0.0,19.608258149026565,0.01,0.01,0.0,0.01,0.5,0.005736921153951486,0.01,0.41187016461869475,32.68590637610713,0.01,0.01,0.0,0.01,0.4690380256374733,0.0,0.0,3.0,51.26796347944693,0.0,0.009447878556208662,0.01,0.0,0.0010667173592357002,0.01,0.01,3.0,4.458200812493053,"/root/ray_results/active_enhancers_vs_inactive_enhancers-0/_inner_f81155de_16_DenseRectangularMetaLayer_0_activity_regularizer_l1=0.0012518,DenseRectangularMetaLayer_0_activity_regularizer__2021-01-14_15-06-05"
0.3720763474121535,0.88022816,0.501955,0.7629098000000001,0.8615290000000001,0.6951556999999999,0.6055135,0.73349226,0.9650295,0.49804503,0.03497053,0.554834,0.36823167502880094,0.87823427,0.5037756,0.74899757,0.86058223,0.6969925,0.60238636,0.73296857,0.9621615,0.49622437,0.037838493,0.5483680999999999,2.9661650657653813,False,,,9,e53e428673db44cda456d070711adea6,2021-01-14_15-06-56,1610636816,35.99801778793335,24278,fc60b1c56261,192.168.127.128,35.99801778793335,0,9,0654a146,0.00039676735451772926,0.00041794154760528015,0.01,0.01,0.0,0.0,0.01,0.0,22.603651327257406,0.01,0.01,0.0,0.01,0.5,0.006251347378840684,0.01,0.0,29.859019481641276,0.01,0.01,0.0,0.01,0.5,0.0,0.0,3.0,52.11485071474014,0.0,0.01,0.004985820602248349,0.0,0.0,0.01,0.01,3.0,0.0,"/root/ray_results/active_enhancers_vs_inactive_enhancers-0/_inner_0654a146_17_DenseRectangularMetaLayer_0_activity_regularizer_l1=0.00039677,DenseRectangularMetaLayer_0_activity_regularizer_2021-01-14_15-06-18"
0.3736333301830137,0.88077134,0.5084266,0.76120305,0.8635261999999999,0.69619715,0.6096516,0.7363351,0.9642436,0.49157342,0.035756387,0.5579590999999999,0.3695432499051094,0.87912303,0.51132685,0.7488151999999999,0.8710355,0.69899887,0.6076923000000001,0.73644197,0.96155703,0.48867315,0.03844294,0.55294377,2.926398038864136,False,,,7,673658577ad34f6da6a9af6857074524,2021-01-14_15-07-25,1610636845,29.086411952972412,24276,fc60b1c56261,192.168.127.128,29.086411952972412,0,7,0daaae04,0.0,0.0,0.01,0.01,0.0,0.0,0.01,0.0,22.413210679734068,0.01,0.007119375346238439,0.0,0.01,0.5,0.009004008433364364,0.01,0.0,26.772377963902127,0.01,0.01,0.0,0.01,0.5,0.0,0.0,3.0,53.088981704890074,0.0,0.01,0.01,0.0,0.0,0.01,0.007995681357732582,3.0,0.0,"/root/ray_results/active_enhancers_vs_inactive_enhancers-0/_inner_0daaae04_18_DenseRectangularMetaLayer_0_activity_regularizer_l1=0.0,DenseRectangularMetaLayer_0_activity_regularizer_l2=0.0_2021-01-14_15-06-54"
0.37112797528665736,0.8807466,0.51125795,0.75885534,0.85974437,0.69510204,0.6109232,0.7374183000000001,0.96357864,0.48874208,0.03642134,0.5584373,0.36607794612646105,0.87527156,0.39428264,0.8392652,0.86383754,0.69622374,0.53651375,0.68867904,0.98307544,0.60571736,0.016924566000000002,0.5204949000000001,3.686388492584229,True,,,10,56e396425082474bb4e44d609a3daf63,2021-01-14_15-07-40,1610636860,38.85478591918945,24316,fc60b1c56261,192.168.127.128,38.85478591918945,0,10,2381f20a,0.0,0.004880238884609925,0.01,0.01,0.0,0.0,0.01,0.0,20.908184580476867,0.01,0.01,0.0,0.01,0.5,0.01,0.01,0.0,24.422377463915655,0.01,0.01,0.0,0.01,0.5,0.0,0.0,3.0,54.64926578768115,0.0,0.01,0.01,0.0,0.0,0.01,0.01,3.0,0.0,"/root/ray_results/active_enhancers_vs_inactive_enhancers-0/_inner_2381f20a_19_DenseRectangularMetaLayer_0_activity_regularizer_l1=0.0,DenseRectangularMetaLayer_0_activity_regularizer_l2=0.0_2021-01-14_15-06-59"
0.38079863483243787,0.8803021999999999,0.5077524999999999,0.7588151999999999,0.8616691999999999,0.6956618,0.60840064,0.73578644,0.96382046,0.49224755,0.03617954,0.55622923,0.3758036263287067,0.8736915000000001,0.53721684,0.70289344,0.8599521000000001,0.68493706,0.6089880999999999,0.74316114,0.94910544,0.46278316,0.050894585,0.54214466,2.945780038833618,True,,,10,c2ae78329d9e4c1494ab3227baad8334,2021-01-14_15-07-43,1610636863,38.64301681518555,24286,fc60b1c56261,192.168.127.128,38.64301681518555,0,10,266667f8,0.0,0.01,0.01,0.01,0.0,0.0,0.01,0.0,0.0,0.01,0.01,0.0,0.01,0.5,0.0,0.01,0.0,36.88391145928126,0.01,0.01,0.0,0.01,0.5,0.0,0.0,3.0,61.88336358039706,0.0,0.01,0.01,0.0,0.0,0.01,0.01,3.0,0.0,"/root/ray_results/active_enhancers_vs_inactive_enhancers-0/_inner_266667f8_20_DenseRectangularMetaLayer_0_activity_regularizer_l1=0.0,DenseRectangularMetaLayer_0_activity_regularizer_l2=0.0_2021-01-14_15-07-02"
0.3595140691445401,0.8803021999999999,0.5058649000000001,0.7602837,0.86232185,0.69568086,0.60751295,0.73505425,0.9642436,0.49413508,0.035756387,0.55585384,0.3579165436327457,0.8785305,0.4266451,0.82567847,0.86606616,0.6997232,0.56258893,0.70322824,0.97981143,0.5733549,0.020188589,0.53709877,2.8952624797821045,False,,,8,40224f5ddaeb4a74967f71950396a2b1,2021-01-14_15-08-09,1610636889,32.136439085006714,24300,fc60b1c56261,192.168.127.128,32.136439085006714,0,8,283cedc2,0.006465705117917527,0.01,0.01,0.01,0.5,0.0,0.01,0.0,14.712589734457328,0.0,0.01,0.0,0.01,0.5,0.01,0.0,3.0,38.16717741875954,0.01,0.01,0.0,0.01,0.5,0.0,0.0,0.0,28.640349294623245,0.0,0.01,0.01,0.0,0.0,0.01,0.01,3.0,0.0,"/root/ray_results/active_enhancers_vs_inactive_enhancers-0/_inner_283cedc2_21_DenseRectangularMetaLayer_0_activity_regularizer_l1=0.0064657,DenseRectangularMetaLayer_0_activity_regularizer__2021-01-14_15-07-34"
0.3692210200397911,0.88008,0.52635837,0.74390244,0.8603778,0.69236904,0.61650217,0.7428678000000001,0.95937735,0.47364163,0.04062264,0.55940795,0.3594376765191555,0.87764174,0.48489752,0.7599324000000001,0.8669866,0.6967892,0.5920316,0.72528243,0.9656673000000001,0.5151025,0.03433269,0.54247963,3.0356960296630864,False,,,5,7f4ba6a9b4c74dbfada6423208632420,2021-01-14_15-08-06,1610636886,23.89022397994995,24256,fc60b1c56261,192.168.127.128,23.89022397994995,0,5,3b659930,0.006386255107184107,0.0025520349285736246,0.009121716666765258,0.005652928920632289,0.07120409874883632,0.005181879164842181,0.005292958323188376,0.2698245034090927,19.62282123807376,0.008109767575082997,0.0037449732362455092,0.005052760029043684,0.004206400396558951,0.06405315376420745,0.008653307241010322,0.0045814921705497605,2.587772255811674,40.51583408206432,0.00688376507075028,0.0028210886144601566,0.0013291569419095985,0.007467163189704743,0.1393066495961674,0.006911100451254643,0.005912256999791076,0.2613723742450569,28.686986250723947,0.00975409258698889,0.0032662191577134637,0.008513714912732147,0.005009158064091218,0.3699442287460761,0.007059111646631073,0.00623591972554641,0.8194978192421427,0.1416496513855705,"/root/ray_results/active_enhancers_vs_inactive_enhancers-0/_inner_3b659930_22_DenseRectangularMetaLayer_0_activity_regularizer_l1=0.0063863,DenseRectangularMetaLayer_0_activity_regularizer__2021-01-14_15-07-40"
0.3750747739179688,0.8798084,0.50653905,0.7566969,0.86269563,0.69432765,0.60684866,0.7350135,0.9634879999999999,0.49346095,0.036512014,0.5543098000000001,0.3691578842699528,0.87961686,0.5118662,0.75138557,0.8681603999999999,0.6992396,0.60891885,0.7369534000000001,0.9620405999999999,0.48813376,0.037959382,0.5547036999999999,2.9965736865997314,False,,,8,f06e42f48f054b99bac0bf58a4ae01ef,2021-01-14_15-08-17,1610636897,32.44439363479614,24288,fc60b1c56261,192.168.127.128,32.44439363479614,0,8,3ed651a4,0.0,0.01,0.01,0.01,0.0,0.0,0.01,0.0,0.883907871416685,0.006835413193908035,0.01,0.0,0.01,0.5,0.0,0.01,0.0,29.972214807106344,0.01,0.01,0.0,0.01,0.12935803087250308,0.0,0.0,3.0,51.73341471889715,0.0,0.003148277140320202,0.0,0.003142977439007402,0.0,0.01,0.01,3.0,0.0,"/root/ray_results/active_enhancers_vs_inactive_enhancers-0/_inner_3ed651a4_23_DenseRectangularMetaLayer_0_activity_regularizer_l1=0.0,DenseRectangularMetaLayer_0_activity_regularizer_l2=0.0_2021-01-14_15-07-43"
0.3732246624223156,0.88069725,0.5015505,0.7662204,0.8619198,0.69521576,0.60625815,0.73362243,0.9656944,0.4984495,0.034305576000000004,0.55637574,0.37078718915581693,0.8788268,0.4368932,0.81570995,0.86866903,0.6982484999999999,0.56902003,0.7073851999999999,0.9778771999999999,0.5631068,0.022122825,0.53936964,3.682384490966797,True,,,10,7f31591bf7964de88869fbb7279834b6,2021-01-14_15-08-29,1610636909,41.63304448127747,24293,fc60b1c56261,192.168.127.128,41.63304448127747,0,10,407243ba,0.007322256443306504,0.01,0.01,0.01,0.0,0.0,0.01,0.0,0.4062543432115416,0.01,0.01,0.0,0.01,0.5,0.0,0.01,0.0,29.825652028722214,0.01,0.01,0.0,0.01,0.19714814814162526,0.0,0.0,3.0,51.56258850529277,0.0,0.0,0.0,0.005398841658140144,0.3278059637538654,0.01,0.01,3.0,0.0,"/root/ray_results/active_enhancers_vs_inactive_enhancers-0/_inner_407243ba_24_DenseRectangularMetaLayer_0_activity_regularizer_l1=0.0073223,DenseRectangularMetaLayer_0_activity_regularizer__2021-01-14_15-07-46"
0.36376613749821307,0.88077134,0.50384253,0.76483834,0.8614370000000001,0.6934253,0.6074940999999999,0.7345569000000001,0.9652712999999999,0.49615747,0.03472873,0.5570685000000001,0.3586182489991188,0.8809007,0.44822007,0.8195266,0.86897355,0.7022389,0.57949793,0.71304864,0.9778771999999999,0.5517799,0.022122825,0.5489629,3.0863585472106934,False,,,7,3eb931ba39664d0eba2847845b6dfa13,2021-01-14_15-08-47,1610636927,30.81047892570496,24279,fc60b1c56261,192.168.127.128,30.81047892570496,0,7,42257a24,0.01,0.01,0.01,0.01,0.5,0.0,0.01,0.0,3.6481088653109985,0.01,0.01,0.0,0.01,0.5,0.0,0.0020238112078979627,0.0,30.67785169434601,0.01,0.01,0.0,0.01,0.5,0.0,0.0,3.0,38.333861317319545,0.0,0.0,0.0,0.0011601011736830874,0.5,0.01,0.01,3.0,0.0,"/root/ray_results/active_enhancers_vs_inactive_enhancers-0/_inner_42257a24_25_DenseRectangularMetaLayer_0_activity_regularizer_l1=0.01,DenseRectangularMetaLayer_0_activity_regularizer_l2=0._2021-01-14_15-08-14"
0.32817764382092524,0.88645005,0.5072132,0.79940504,0.87225467,0.7204593,0.62063843,0.7393403000000001,0.97146744,0.49278685,0.028532567999999998,0.5777399000000001,0.3360829427838325,0.87843174,0.504315,0.7497995,0.8704400999999999,0.7017211,0.6030313,0.7332987,0.9622824000000001,0.49568500000000004,0.037717602999999995,0.54914516,2.160860300064087,False,,,29,fed7ba5e0c844b828dd9083a88396d69,2021-01-14_15-09-37,1610636977,72.19449520111084,24283,fc60b1c56261,192.168.127.128,72.19449520111084,0,29,535bb286,0.006655095549725401,0.01,0.01,0.01,0.28020651131927843,0.0,0.006495242525093873,0.0,9.88947282565045,0.007673456343823712,0.01,0.0007820467548083806,0.00779099025984643,0.3010612454934496,0.004760701767280017,0.0033768729646043993,0.0,12.161987278026713,0.009013075289981203,0.01,0.0008813254589467799,0.009212931112363746,0.5,0.00017483805692897507,0.0,1.8062842661792726,63.556981283598866,0.0003676615515585146,0.005502682599575443,0.0,0.003411191835766269,0.36704100047248406,0.01,0.01,2.744001547823089,0.0,"/root/ray_results/active_enhancers_vs_inactive_enhancers-0/_inner_535bb286_26_DenseRectangularMetaLayer_0_activity_regularizer_l1=0.0066551,DenseRectangularMetaLayer_0_activity_regularizer__2021-01-14_15-08-23"
0.41413493131797735,0.8812651,0.47836053,0.79055256,0.8063508,0.66760933,0.59605205,0.7249744,0.9715883,0.52163947,0.028411667999999998,0.5544096,0.4126081645488739,0.8767529000000001,0.43311759999999994,0.8029999999999999,0.7938314000000001,0.6519593000000001,0.562719,0.7046511999999999,0.9761847,0.56688243,0.02381528,0.53059614,2.881730794906616,True,,,10,317a792f6d5e4cb08f66cdb685102051,2021-01-14_15-09-08,1610636948,39.30905151367188,24302,fc60b1c56261,192.168.127.128,39.30905151367188,0,10,58567dfc,0.00844837791075176,0.005474083208538642,0.003554634566129963,0.0018147586180680632,0.463934139262655,0.006797997315970155,0.007568776142388001,0.14625326677237116,3.227744309217968,0.003523536342463427,0.001989673424475379,0.005517871492933999,0.006285516455932806,0.16595498644856221,0.007322025440336155,0.005136176232072032,0.9829600348510275,23.8599190191906,0.007533096888736866,0.00011257496479733952,0.005174144123315932,0.00047133670205833366,0.17823480359836852,0.00958420599941354,0.007948860997018617,2.3585889703117946,43.33010864513332,0.0008213772374312112,0.005563515943436094,0.0008546562894250753,0.007524129552564281,0.11138759507184703,0.00681001234827606,0.0044221966928416935,1.3345808032864375,0.8493118947151572,"/root/ray_results/active_enhancers_vs_inactive_enhancers-0/_inner_58567dfc_27_DenseRectangularMetaLayer_0_activity_regularizer_l1=0.0084484,DenseRectangularMetaLayer_0_activity_regularizer__2021-01-14_15-08-26"
0.3603779844360984,0.87941337,0.49494404,0.7633604,0.8606862,0.6950348000000001,0.6005235,0.7302739,0.96560377,0.50505596,0.034396254,0.5506625,0.3615229591727257,0.8763579,0.42934197,0.80404043,0.8615620999999999,0.6879083,0.55977494,0.70294464,0.97654736,0.570658,0.023452612,0.52853304,3.1393511295318604,True,,,10,1ea3548ac7f648578e59baad71e0159d,2021-01-14_15-09-01,1610636941,29.09485602378845,24273,fc60b1c56261,192.168.127.128,29.09485602378845,0,10,5a7ece9a,0.006283618478672761,0.01,0.008162011716421782,0.01,0.2438006588910898,0.0,0.0053238556830100155,0.0,14.849564115535491,0.01,0.01,0.0011919960872228718,0.008636983024936332,0.32674312646028225,0.007477982689285663,0.004715859458800138,0.0,10.056617421862986,0.007914538779313524,0.01,0.0036968440375485545,0.007402553075066453,0.5,0.0021543772521296503,0.0020977358473476854,2.0336615501145308,64.0,0.0028554709301071225,0.01,0.0,0.0,0.2874070596031,0.01,0.01,2.6617685556645174,0.0,"/root/ray_results/active_enhancers_vs_inactive_enhancers-0/_inner_5a7ece9a_28_DenseRectangularMetaLayer_0_activity_regularizer_l1=0.0062836,DenseRectangularMetaLayer_0_activity_regularizer__2021-01-14_15-08-29"
0.3650111396776812,0.88022816,0.49642712,0.76740307,0.84891933,0.690689,0.60286534,0.7313479,0.9662687,0.5035729,0.033731297,0.5537793000000001,0.37101094648242,0.86440843,0.31607336,0.8480462999999999,0.8497428,0.67980087,0.46051082,0.65169,0.9873065999999999,0.68392664,0.012693423999999998,0.46530423,3.637390613555908,True,,,10,8cd226a2be994143b416643c78284979,2021-01-14_15-09-50,1610636990,50.88839912414551,24263,fc60b1c56261,192.168.127.128,50.88839912414551,0,10,5c3fc84c,0.00307454504005376,0.009140248415850294,0.004598661030232083,0.001543991088407256,0.27497464134144933,0.005024407342299234,0.006434268056581045,0.6947520758546513,2.20765942206517,0.003608392809087093,0.00877774066931209,0.004699863421093734,0.005873052747349596,0.21538378682725906,0.003438251200251111,0.006267121667743679,2.739854790538457,33.466652686349,0.004727602080971159,0.002564374479345533,0.004316611051476207,0.007581052494644624,0.17347662644987022,0.004085462917366091,0.006283802141203467,0.45985604981245365,38.625669697166934,0.0056323790349436425,0.0067187718417715024,0.008026056980915394,0.00058219516592522,0.30425381134471213,0.0027394487512028497,0.0024282481272187295,2.376403292143369,5.254919613656533,"/root/ray_results/active_enhancers_vs_inactive_enhancers-0/_inner_5c3fc84c_29_DenseRectangularMetaLayer_0_activity_regularizer_l1=0.0030745,DenseRectangularMetaLayer_0_activity_regularizer__2021-01-14_15-08-57"
0.4406983586562886,0.87948745,0.49251720000000004,0.7658281,0.78858984,0.65067244,0.59949124,0.72937787,0.9662385,0.5074827999999999,0.033761524,0.5504569,0.4396460294723511,0.8772466999999998,0.42125136,0.8212408000000001,0.78632593,0.6492691999999999,0.5568628000000001,0.70035005,0.97944874,0.57874864,0.020551257,0.5312345,4.846253871917725,True,,,10,1d03499b64314e07acd85f180a123fe6,2021-01-14_15-09-55,1610636995,52.77042961120606,24267,fc60b1c56261,192.168.127.128,52.77042961120606,0,10,6c769a88,0.01,0.008785710711504744,0.01,0.01,0.0,0.0,0.01,0.0,0.0,0.01,0.0,0.0,0.01,0.5,0.01,0.0,3.0,41.67304568587461,0.01,0.01,0.0,0.01,0.5,0.0,0.0,0.0,41.947454253184624,0.0,0.0,0.01,0.01,0.5,0.01,0.01,3.0,1.8490008622211407,"/root/ray_results/active_enhancers_vs_inactive_enhancers-0/_inner_6c769a88_30_DenseRectangularMetaLayer_0_activity_regularizer_l1=0.01,DenseRectangularMetaLayer_0_activity_regularizer_l2=0._2021-01-14_15-09-01"
0.3570247243983699,0.8803269,0.51287585,0.7550614999999999,0.8594896000000001,0.69331723,0.610839,0.73778903,0.96270216,0.48712417,0.03729787,0.5573505999999999,0.3656863816082477,0.87250644,0.5782093,0.6780519,0.85279495,0.68661344,0.62416303,0.7583382,0.93846714,0.42179072,0.06153288,0.5504993,4.032061576843262,True,,,10,ea452cc651d24b6c8a86bca3fd77c46f,2021-01-14_15-10-05,1610637005,54.68764877319336,24262,fc60b1c56261,192.168.127.128,54.68764877319336,0,10,6ed9b472,0.01,0.01,0.01,0.01,0.5,0.0,0.0020833733679676654,0.0,11.983275858830323,0.01,0.0,0.0,0.01,0.0,0.01,0.0,3.0,32.766290628753126,0.01,0.01,0.0,0.01,0.5,0.0,0.0,0.0,38.628756336442066,0.0,0.0,0.01,0.01,0.5,0.01,0.003729646131502397,3.0,9.617587839465273,"/root/ray_results/active_enhancers_vs_inactive_enhancers-0/_inner_6ed9b472_31_DenseRectangularMetaLayer_0_activity_regularizer_l1=0.01,DenseRectangularMetaLayer_0_activity_regularizer_l2=0._2021-01-14_15-09-08"
0.3336995620767803,0.8810676,0.5109883,0.7610442,0.8661598,0.6988428000000001,0.6114383000000001,0.7375102,0.96403205,0.48901173,0.03596796,0.5594722,0.3327940367162228,0.8830733000000001,0.5296656,0.7588872,0.86700976,0.70250833,0.6238882,0.745974,0.9622824000000001,0.4703344,0.037717602999999995,0.569879,2.8676917552948,False,,,19,5b620b9b3b144842b70143e6026a060f,2021-01-14_15-10-47,1610637047,65.96008515357971,24257,fc60b1c56261,192.168.127.128,65.96008515357971,0,19,733c2a0e,0.01,0.01,0.01,0.01,0.5,0.0,0.0,0.0,11.833220423663178,0.01,0.0,0.0,0.01,0.0,0.01,0.0,0.0,34.05170741181619,0.01,0.01,0.0,0.01,0.5,0.0,0.0,0.0,37.37016640657193,0.0,0.0,0.01,0.0090441837662674,0.5,0.01,0.01,3.0,9.041767863761406,"/root/ray_results/active_enhancers_vs_inactive_enhancers-0/_inner_733c2a0e_32_DenseRectangularMetaLayer_0_activity_regularizer_l1=0.01,DenseRectangularMetaLayer_0_activity_regularizer_l2=0._2021-01-14_15-09-39"
0.35317815895504634,0.8806478999999999,0.5235270000000001,0.7491800000000001,0.8613050999999999,0.697673,0.6163491999999999,0.74211717,0.96070725,0.47647297,0.03929273,0.5606482,0.3675571449100971,0.86875373,0.3274002,0.8809869,0.8642206,0.6928419,0.47738892,0.6587436,0.99008703,0.6725998000000001,0.009912959,0.4875957,3.3248653411865234,True,,,10,c3320a4966cc45f18a6fa2d62cf46c79,2021-01-14_15-10-36,1610637036,44.54215383529663,24265,fc60b1c56261,192.168.127.128,44.54215383529663,0,10,85e24df0,0.007515919854943597,0.00965187170051903,0.0038799808472668985,0.002768325104664834,0.15547071327871403,0.00476445945608316,0.0027044517346572474,1.0950526748825384,1.086413625026026,0.00566083203952999,0.001685369449667219,0.0003306566142105605,0.005285572128196609,0.1170013895709695,0.0026300502225680912,0.008117634130634844,2.4145458514366323,40.56980456611422,0.009045434791132926,0.0036686017531138947,0.001980535501844135,0.006204574356825924,0.21799213652884447,0.005148756268070491,0.0037460938212026695,2.4375621854462306,38.32359599838653,0.00757140763494296,0.005516539100233256,0.007398205844696137,0.009202040124696718,0.2538481805669763,0.005079365203408768,0.00785683008199123,2.400293024296727,5.138320967804994,"/root/ray_results/active_enhancers_vs_inactive_enhancers-0/_inner_85e24df0_33_DenseRectangularMetaLayer_0_activity_regularizer_l1=0.0075159,DenseRectangularMetaLayer_0_activity_regularizer__2021-01-14_15-09-50"
0.3558755105033073,0.88010466,0.50815696,0.7572835,0.85913885,0.6936298000000001,0.6081975000000001,0.73582244,0.9634879999999999,0.49184307,0.036512014,0.5556406999999999,0.3568111874163151,0.8785305,0.4374326,0.8126251999999999,0.8655377000000001,0.69788873,0.5687236999999999,0.7074130999999999,0.9773936,0.5625674,0.022606382,0.53823656,4.5257885456085205,False,,,8,4b767f9ef8064f7ea2732a570a9da313,2021-01-14_15-10-43,1610637043,45.29020190238953,24254,fc60b1c56261,192.168.127.128,45.29020190238953,0,8,8c35d3ca,0.0022382177071691533,0.006007049922117921,0.0004774062621400066,0.00278568128178032,0.3198451008050858,0.007741394928925361,0.005861718476534438,1.4418451973071147,63.20778706928543,0.007234622143050134,0.006960254828026242,0.0013656623664988177,0.0038226135979086773,0.22000148214494125,0.006598472523698361,0.004908336571149987,2.707289170512688,33.71852662004326,0.00042055618304352336,0.0045835790650021815,0.003465111491760492,0.0005792981038283773,0.31284678725023646,0.0015073745038570797,0.008731455895679648,2.1601400608948995,2.45793483067105,0.004518536708181206,0.002092946276901185,0.00019610238584983453,0.007881679679643355,0.4168906803682553,0.0034388487768915576,0.008833921449880771,1.4354869592834203,55.6749810998765,"/root/ray_results/active_enhancers_vs_inactive_enhancers-0/_inner_8c35d3ca_34_DenseRectangularMetaLayer_0_activity_regularizer_l1=0.0022382,DenseRectangularMetaLayer_0_activity_regularizer__2021-01-14_15-09-55"
0.3220204858331114,0.88151205,0.5124714,0.7626404999999999,0.87003314,0.7060677,0.61301506,0.7383575,0.9642436,0.48752865,0.035756387,0.56127435,0.32358163818717,0.87961686,0.53128374,0.7378276999999999,0.87001705,0.70469373,0.6177484999999999,0.74448615,0.95768857,0.4687163,0.04231141,0.55896497,4.3734991550445566,False,,,15,e6b35a2e233b47bf86ebac48b083d35a,2021-01-14_15-11-01,1610637061,53.930602073669434,24258,fc60b1c56261,192.168.127.128,53.930602073669434,0,15,8f87c2a4,0.0002837730160083807,0.00766874347647742,0.00872128028971037,0.005693711801191512,0.001962513365454832,0.003516338938560766,0.005465974118077251,1.7869980745357346,14.419437815930081,0.004579286633586877,0.0006830130371589338,0.001385772904025363,0.00442722530412737,0.2144706484649942,0.0016101544105669198,0.005244999387330755,0.45260132452595836,32.3415335342595,0.0008626265866356664,0.006691634906528212,0.00843910875974411,0.0004228107689355942,0.23293797820220358,0.006914415612636995,0.0019288219283278552,1.1703007338080573,34.70519512116674,0.0023613228306340983,0.001622186435543316,0.009050730218394185,0.008808760543178796,0.1640797916909058,0.006230058878520385,0.0008783949178657724,1.932500345293297,11.943835717049936,"/root/ray_results/active_enhancers_vs_inactive_enhancers-0/_inner_8f87c2a4_35_DenseRectangularMetaLayer_0_activity_regularizer_l1=0.00028377,DenseRectangularMetaLayer_0_activity_regularizer_2021-01-14_15-10-05"
0.3090942390382652,0.8828947,0.48874208,0.79217654,0.86592484,0.7072315,0.6045193,0.72999895,0.97125584,0.51125795,0.028744144,0.5620024,0.313926824182272,0.87892556,0.4811219,0.7716263000000001,0.8648104999999999,0.6961294,0.592691,0.72460353,0.9680851,0.5188781,0.031914894,0.5463004,1.541942119598389,False,,,39,6787158633e3476ab408403e71cf5510,2021-01-14_15-11-54,1610637114,75.73608040809631,24260,fc60b1c56261,192.168.127.128,75.73608040809631,0,39,9514d694,0.01,0.00043133012634349193,0.0,0.00988566887057687,0.34368646191468866,0.00258966369332906,0.01,0.0,34.27038739508603,0.009912540745671423,0.0,0.0020888752504108275,0.007436395083095424,0.2639735868624058,0.00425532982571139,0.007533433678580781,0.0,13.526537460531221,0.009544697462841503,0.01,0.01,0.01,0.5,0.003993225239506638,0.0065245856747031365,0.0,51.86518804306756,0.01,0.005898268523245643,0.003150927515610771,0.0,0.14485213338387823,0.008269503222388022,0.0,0.0,30.93610258907085,"/root/ray_results/active_enhancers_vs_inactive_enhancers-0/_inner_9514d694_36_DenseRectangularMetaLayer_0_activity_regularizer_l1=0.01,DenseRectangularMetaLayer_0_activity_regularizer_l2=0._2021-01-14_15-10-36"
0.3419863585012765,0.88077134,0.5082918,0.76130855,0.8654529000000001,0.69858867,0.6095885,0.7362828,0.9642738000000001,0.49170825,0.03572616,0.55793256,0.3413109011948109,0.87912303,0.52427185,0.739726,0.8704969000000001,0.699546,0.6136364000000001,0.7414638000000001,0.9586556999999999,0.47572815,0.041344292000000005,0.5557854999999999,2.8809032440185547,False,,,15,3132d9ad4fd445a5a49489d8df940ac8,2021-01-14_15-11-50,1610637110,56.10391354560852,24266,fc60b1c56261,192.168.127.128,56.10391354560852,0,15,a7fc468e,0.0,0.008186844333725407,0.0074830337078425025,0.008738827432903527,0.4985695455815194,0.002968694705088436,0.00800932068957039,0.0,64.0,0.005689844294939244,0.007973104701489035,0.0,3.065730402463154e-05,0.2404884753525804,0.009967305979436977,0.009919741941270424,3.0,26.00336951978054,0.001578175485536858,0.009932850602619692,0.008697096546465046,0.009974302520434618,0.49922258264099817,0.007460075381326289,0.006185891340843201,0.6678306282146682,0.0,0.0,0.0,0.01,0.0015847543485931264,0.4216534291023557,0.01,9.946445761805395e-05,0.0010643000095380483,44.87651059910656,"/root/ray_results/active_enhancers_vs_inactive_enhancers-0/_inner_a7fc468e_37_DenseRectangularMetaLayer_0_activity_regularizer_l1=0.0,DenseRectangularMetaLayer_0_activity_regularizer_l2=0.0_2021-01-14_15-10-51"
0.3784525361048028,0.8791171,0.5015505,0.7562513000000001,0.86039954,0.6928985,0.6031128000000001,0.7326553000000001,0.9637600000000001,0.4984495,0.03623999,0.5509509,0.3757496118545533,0.8723088999999999,0.5900755,0.6724032,0.86744404,0.6973149000000001,0.628555,0.7628206,0.93556577,0.40992448,0.06443424,0.5535691999999999,2.916872262954712,False,,,9,4966ada485374e03889c42d30ba119d8,2021-01-14_15-11-35,1610637095,37.255494594573975,24259,fc60b1c56261,192.168.127.128,37.255494594573975,0,9,b0d09684,0.01,0.01,0.01,0.01,0.0,0.0,0.01,0.0,0.0,0.01,0.01,0.0,0.01,0.5,0.0,0.01,0.0,15.727660569947075,0.01,0.01,0.0,0.01,0.5,0.0,0.0,3.0,60.31132370302794,0.0008592280970352789,0.0,0.01,0.01,0.5,0.01,0.01,3.0,0.0,"/root/ray_results/active_enhancers_vs_inactive_enhancers-0/_inner_b0d09684_38_DenseRectangularMetaLayer_0_activity_regularizer_l1=0.01,DenseRectangularMetaLayer_0_activity_regularizer_l2=0._2021-01-14_15-10-56"
0.3562475390804767,0.88114166,0.5006067,0.7698528,0.8655841999999999,0.6998121,0.60669935,0.7335284000000001,0.96645004,0.49939328,0.033549946000000004,0.5577434,0.3624353282153606,0.87695044,0.41531822,0.8261803,0.8634596,0.69756114,0.5527638000000001,0.69786704,0.9804159,0.58468175,0.01958414,0.5294236999999999,4.560401678085327,True,,,10,b8314cded4ec405d831734b36e069196,2021-01-14_15-11-54,1610637114,40.03510522842407,24264,fc60b1c56261,192.168.127.128,40.03510522842407,0,10,b3c26b92,0.007417461051541962,0.0027820242657318806,0.0005356371416634697,0.0008778965531944971,0.3629269783213899,0.007581574962224647,0.009022167429967452,2.427871618159364,60.26181215488226,0.00615761855608291,0.00603359367213274,0.003811914888142021,0.0004780072727756768,0.10295594016120796,0.005273876478509845,0.003981846417599413,1.0653771425798602,27.21376730560811,0.007218983797735218,0.0014824646518113661,0.0047992769164763235,0.0010083488749834946,0.4239689311590227,0.008305185957347343,0.005080054650329183,0.9261165931041483,1.7357928419309374,0.003863866906775897,0.009997354461451417,0.008286603031026274,0.004100167228280932,0.3205142516641252,0.005000235752963613,0.005073297653546111,0.21999877477343022,39.082932856737166,"/root/ray_results/active_enhancers_vs_inactive_enhancers-0/_inner_b3c26b92_39_DenseRectangularMetaLayer_0_activity_regularizer_l1=0.0074175,DenseRectangularMetaLayer_0_activity_regularizer__2021-01-14_15-11-12"
0.3374155255448559,0.8815367000000001,0.5089659000000001,0.7655648,0.86681753,0.6985237,0.61143506,0.7370128,0.9650597,0.49103412,0.034940306000000004,0.56068116,0.33862263560295097,0.8768517,0.5291262,0.72398525,0.8704154000000001,0.7016174,0.61140543,0.7419566999999999,0.95478725,0.47087377,0.045212764,0.5497099,3.995741844177246,False,,,28,c855f5a4ea0b46dcb9d13b7ade27351f,2021-01-14_15-13-49,1610637229,128.4486231803894,24255,fc60b1c56261,192.168.127.128,128.4486231803894,0,28,bd43e380,0.0,0.01,0.01,0.01,0.0,0.0,0.0,3.0,8.746355741660869,0.0,0.005102172246667877,0.0,0.0,0.5,0.0,0.01,0.0,37.30358233309441,0.0,0.01,0.01,0.0,0.5,0.01,0.0,3.0,29.628111282089165,0.01,0.01,0.0,0.0,0.0,0.01,0.01,0.0,9.704918906240822,"/root/ray_results/active_enhancers_vs_inactive_enhancers-0/_inner_bd43e380_40_DenseRectangularMetaLayer_0_activity_regularizer_l1=0.0,DenseRectangularMetaLayer_0_activity_regularizer_l2=0.0_2021-01-14_15-11-38"
0.35222342778421273,0.8806478999999999,0.5130107,0.75691265,0.8565894000000001,0.6906732,0.6115397,0.73803777,0.96306485,0.48698935,0.036935166,0.5584571999999999,0.36922792345285416,0.86845744,0.32200646,0.88839287,0.8620896,0.6933123000000001,0.47268409999999994,0.6564698,0.99093324,0.67799354,0.009066731,0.48621505,4.31539797782898,False,,,9,e72e3f19b3ca4598ad19cbf7ddbe205b,2021-01-14_15-12-41,1610637161,49.05875611305237,36919,fc60b1c56261,192.168.127.128,49.05875611305237,0,9,ccefcccc,0.0,0.01,0.01,0.01,0.0,0.0,0.01,3.0,8.889886722476422,0.0,0.0,0.0,0.0,0.5,0.0,0.01,0.0,37.385065555689664,0.0,0.01,0.01,0.0,0.5,0.01,0.0,3.0,30.02840578281881,0.01,0.01,0.0,0.0,0.0,0.01,0.01,0.0,9.610377530043017,"/root/ray_results/active_enhancers_vs_inactive_enhancers-0/_inner_ccefcccc_41_DenseRectangularMetaLayer_0_activity_regularizer_l1=0.0,DenseRectangularMetaLayer_0_activity_regularizer_l2=0.0_2021-01-14_15-11-50"
0.3370829873950704,0.87993187,0.49588782,0.7659309,0.8648756999999999,0.69495493,0.60201323,0.7309574000000001,0.9660269,0.5041122,0.033973098,0.55264515,0.3369659297168255,0.8799130999999999,0.53020495,0.74021083,0.8663731,0.6983819,0.6178504,0.7442489999999999,0.9582930000000001,0.46979505,0.041706964,0.55966985,4.355692863464356,False,,,19,744b7bf9368b4f4a923f665e8d8d8cc8,2021-01-14_15-13-30,1610637210,93.01729321479796,37113,fc60b1c56261,192.168.127.128,93.01729321479796,0,19,d3926a80,0.0,0.01,0.01,0.01,0.0,0.0,0.0049042532983609695,3.0,8.866457611685188,0.0003813257982851439,0.01,0.0,0.0,0.5,0.0,0.01,0.0,37.34719996893382,0.0,0.01,0.01,0.0,0.5,0.01,0.0,3.0,29.945434088210682,0.01,0.01,0.0,0.0,0.0,0.01,0.01,0.0,9.685527916700401,"/root/ray_results/active_enhancers_vs_inactive_enhancers-0/_inner_d3926a80_42_DenseRectangularMetaLayer_0_activity_regularizer_l1=0.0,DenseRectangularMetaLayer_0_activity_regularizer_l2=0.0_2021-01-14_15-11-54"
0.3289387807979224,0.8823021000000001,0.5148982,0.7656375,0.8678725,0.70563394,0.6157195,0.73978245,0.9646667999999999,0.4851018,0.03533323,0.56443524,0.3271546497941017,0.8798143,0.5010787,0.76085174,0.87062526,0.7039619,0.60422766,0.7328895000000001,0.9647002,0.49892125,0.035299807999999995,0.55317837,2.479155302047729,False,,,18,f794e0c627294335889c164c46bf46ec,2021-01-14_15-12-54,1610637174,53.764683961868286,37252,fc60b1c56261,192.168.127.128,53.764683961868286,0,18,d65d5734,0.0028679608930305476,0.00989557323174002,0.00039681754964747797,0.004069694104948979,0.4975001301541485,0.00602273043080173,0.0034533338122433935,1.9944861866407264,21.854023762677393,0.0017634350491417406,0.001158860147318378,0.000901791220800825,0.00595015038366626,0.1774524404937869,0.0020926961740087503,0.008211332684896658,0.2616666899264617,35.07274353865345,0.006868510071592567,0.008240752979798703,0.003872995434698573,9.964533953190968e-05,0.3397472195188476,0.005605604348108577,0.0033492720710984612,0.991833732596661,28.857736921746636,0.0036258694019849283,0.00594476951061089,0.009487651216205671,0.002866120534016303,0.21774741444941453,0.0036948741989081403,0.0007187292982070148,0.2426971739660967,13.533622841612,"/root/ray_results/active_enhancers_vs_inactive_enhancers-0/_inner_d65d5734_43_DenseRectangularMetaLayer_0_activity_regularizer_l1=0.002868,DenseRectangularMetaLayer_0_activity_regularizer_l_2021-01-14_15-11-57"
0.4386314149462354,0.8790183000000001,0.49912363,0.75751996,0.844036,0.67721486,0.6017555,0.7316534,0.96418315,0.50087637,0.035816837000000004,0.5501242,0.4305827565491199,0.87082756,0.3576052,0.85,0.85168225,0.67902774,0.50341684,0.6717305,0.9858559000000001,0.64239484,0.0141441,0.49816987,4.10221791267395,False,,,9,7e05a382e79a4c0f8995d4810e300a16,2021-01-14_15-13-37,1610637217,48.70643734931946,37910,fc60b1c56261,192.168.127.128,48.70643734931946,0,9,d84e968e,0.01,0.0,0.0,2.0016794896605752e-05,0.5,0.0028583173077655014,0.01,0.0,38.28873873997936,0.01,0.0,0.009692342954755783,0.009886673577268334,0.0,0.005032273037447928,0.00995038323678529,2.7292672881881104,8.422103504760509,0.01,0.01,0.01,0.01,0.035094032148217075,9.979626787228854e-05,0.00999398154010764,2.8919767610160005,46.53361049707614,0.01,0.01,4.770280727181245e-05,0.007521875687866814,0.0,0.0011503873574013636,0.0,0.0,30.48707964100084,"/root/ray_results/active_enhancers_vs_inactive_enhancers-0/_inner_d84e968e_44_DenseRectangularMetaLayer_0_activity_regularizer_l1=0.01,DenseRectangularMetaLayer_0_activity_regularizer_l2=0._2021-01-14_15-12-45"
0.3090960881376401,0.88321567,0.49049482,0.7927653,0.86596066,0.70769155,0.60603034,0.7308753000000001,0.97125584,0.5095052,0.028744144,0.5634461,0.3139572203159332,0.87862927,0.47842503,0.77197564,0.86435354,0.69597054,0.5907425999999999,0.7233759,0.96832687,0.521575,0.031673115,0.5447546,1.5248723030090332,False,,,33,c921c2427e53486cade66ae8a2cfc74b,2021-01-14_15-14-10,1610637250,58.83073234558106,38304,fc60b1c56261,192.168.127.128,58.83073234558106,0,33,f4d35d12,0.01,0.0,0.0,0.004212063301069525,0.5,0.009815218160927983,0.01,0.0,35.9856010995538,0.008229932189692854,0.0,0.005915914585837112,0.008115316048390072,0.023251325571977528,0.009287130624316615,0.00888282999145033,0.0,9.448385262608461,0.01,0.01,0.01,0.01,0.5,0.002423314383763087,0.007560606079632739,0.2937595334136016,43.96053440882747,0.01,0.009372275153474007,0.01,3.190463632734784e-05,0.0,0.008829794690747236,0.0,0.0,29.74915158153501,"/root/ray_results/active_enhancers_vs_inactive_enhancers-0/_inner_f4d35d12_45_DenseRectangularMetaLayer_0_activity_regularizer_l1=0.01,DenseRectangularMetaLayer_0_activity_regularizer_l2=0._2021-01-14_15-13-09"
0.3304321547934028,0.88195646,0.51085347,0.76669365,0.86533886,0.6993338000000001,0.6131564,0.73800194,0.96515036,0.48914656,0.03484963,0.562481,0.3295278549194336,0.87823427,0.50863,0.74545455,0.86871946,0.70191634,0.604681,0.7348517,0.9610735,0.49137002,0.038926499999999996,0.5494109,2.5409581661224365,False,,,17,4aeca5d20c2045a5a77a0353037e0058,2021-01-14_15-14-34,1610637274,50.78902816772461,38807,fc60b1c56261,192.168.127.128,50.78902816772461,0,17,02c7b33c,0.01,0.0,0.0,0.0004608771114370201,0.5,0.009124132380224904,0.01,0.0,37.90559153979103,0.01,0.0,0.008738967152337669,0.01,0.0,0.009338595739063598,0.009788952052669107,1.0020409046711234,8.549564540798132,0.01,0.01,0.01,0.01,0.20116498651227477,0.0010325263310179235,0.01,2.41329696839822,45.59695452085354,0.01,0.01,0.0,0.00528063647570843,0.0,0.00188036802933179,0.0,0.0,29.78820504794431,"/root/ray_results/active_enhancers_vs_inactive_enhancers-0/_inner_02c7b33c_46_DenseRectangularMetaLayer_0_activity_regularizer_l1=0.01,DenseRectangularMetaLayer_0_activity_regularizer_l2=0._2021-01-14_15-13-41"
0.309120153634379,0.88294405,0.49211273,0.78935987,0.8658703000000001,0.7074107,0.6062619,0.7313367,0.97056067,0.5078872999999999,0.029439322999999996,0.5627055999999999,0.3140682239085436,0.87803674,0.47411004,0.7717295999999999,0.8640099,0.6957083000000001,0.5873705,0.72133934,0.9685687,0.52589,0.031431336000000004,0.5418505,1.5088968276977541,False,,,35,7ed4f08009fd4380b6807bda08bd5b8e,2021-01-14_15-14-59,1610637299,60.33605790138245,39125,fc60b1c56261,192.168.127.128,60.33605790138245,0,35,15f20c14,0.01,0.0,0.0009989252880996486,0.01,0.41602822939824813,0.003152750374415007,0.01,0.0,34.40172248417201,0.01,0.0,0.0006772552003212037,0.005520016215277569,0.49180445186978244,0.005474180033174342,0.004854649479547065,0.0,20.89910362066671,0.01,0.01,0.01,0.01,0.5,0.006320481804393346,0.0036211158532676677,0.0,54.20443038885338,0.01,0.005970599876476783,0.003271082699099695,0.0,0.16421782642547827,0.01,0.0,0.0,32.53422149490685,"/root/ray_results/active_enhancers_vs_inactive_enhancers-0/_inner_15f20c14_47_DenseRectangularMetaLayer_0_activity_regularizer_l1=0.01,DenseRectangularMetaLayer_0_activity_regularizer_l2=0._2021-01-14_15-13-56"
0.3559863960885406,0.88217866,0.5143589,0.76529586,0.8647924000000001,0.69879764,0.61522335,0.7394977,0.96463656,0.4856411,0.035363458,0.5639108,0.3593854963779449,0.87695044,0.5533981,0.7105263,0.8698918,0.69990116,0.62219524,0.7514331,0.9494681,0.44660193,0.050531915999999996,0.5561847,4.297787427902222,True,,,10,4663ec01ad6449c3a71814b190a31e4b,2021-01-14_15-14-55,1610637295,54.77551507949829,39162,fc60b1c56261,192.168.127.128,54.77551507949829,0,10,1ebd3bfc,0.0023595086704280956,0.0012761601269570056,0.0009106974245653987,0.008559160511332584,0.32138057826116606,0.004628081899997689,0.002098726993813652,2.220057409025175,56.80390635612724,0.0023091243614175297,0.002300478207082195,0.004184194490479952,0.004011322111031629,0.08232597077919135,0.009571074329892706,0.00474056264168564,1.399466975833471,35.52709042693097,0.0034400117684378795,0.00644910044678446,0.004252730745388463,0.0010821666151893494,0.2585080118968841,0.003153789752316142,0.00978164817925912,2.5404120551034377,9.329974339011656,0.008649631911843886,0.006786180834230913,0.005690130226491539,0.007110610233647532,0.09663763447705076,0.009260130988614858,0.004728085151952373,1.194991193099825,12.95835053295498,"/root/ray_results/active_enhancers_vs_inactive_enhancers-0/_inner_1ebd3bfc_48_DenseRectangularMetaLayer_0_activity_regularizer_l1=0.0023595,DenseRectangularMetaLayer_0_activity_regularizer__2021-01-14_15-13-57"
0.35294830494177537,0.88146263,0.5113928,0.76317906,0.8612219999999999,0.6967373,0.61241627,0.73790884,0.96442497,0.48860726,0.035575032,0.5608959,0.3517317920923233,0.87823427,0.5102481,0.74429584,0.86395293,0.69326365,0.60544,0.7354795,0.9607108,0.48975188,0.03928917,0.5497638000000001,5.162887334823608,False,,,8,ca1aa205e8ee49689e8d705632062782,2021-01-14_15-15-12,1610637312,53.08203363418579,39707,fc60b1c56261,192.168.127.128,53.08203363418579,0,8,1fa36c30,0.0007706185781081787,0.008800724691697013,0.002056464691522244,0.009250664844001204,0.16883445647928963,0.006579923847899469,0.009503383014956861,2.7550016036054488,48.32146824225475,0.00736545046439972,0.0006188874230469188,0.009109536074667073,0.0026212212409061587,0.3080379206613929,0.006639200546458234,0.007321293211431647,2.5063483897743484,12.448890427362997,0.009135449007452886,0.0016853487489700226,0.002565890537914939,0.004754016877512304,0.4690743521565734,0.008340073353677098,0.0025248760416281225,1.5200220120029284,58.728620974698316,0.0033588623668668292,0.0008451711695752939,0.007437612996932681,0.002503618298981596,0.034567290761802205,0.0024251826194731907,0.0034025663753438798,1.2982722310936998,28.87274614073418,"/root/ray_results/active_enhancers_vs_inactive_enhancers-0/_inner_1fa36c30_49_DenseRectangularMetaLayer_0_activity_regularizer_l1=0.00077062,DenseRectangularMetaLayer_0_activity_regularizer_2021-01-14_15-14-16"
0.3556581909221153,0.8805244000000001,0.5037077,0.76338375,0.86074746,0.69795376,0.6069369000000001,0.7343535,0.96499926,0.49629229999999996,0.035000756,0.55619276,0.3617891304194927,0.8746790000000001,0.37971953,0.85540706,0.86284274,0.6959420000000001,0.5259619000000001,0.68266684,0.9856140999999999,0.6202805,0.01438588,0.51705694,3.221282958984375,True,,,10,5124f4d0a53247d8b6642f87ec0c59ee,2021-01-14_15-15-33,1610637333,43.41783428192139,40238,fc60b1c56261,192.168.127.128,43.41783428192139,0,10,2b146812,0.009240024983565355,0.00875530091670595,0.009272627969825377,0.006386276953959395,0.13965692240785432,0.00455042166070191,0.0033366344044035235,0.8210803760225585,31.03788809742838,0.002659476249749381,0.009596386545652208,0.0025742941591068826,0.006500896844350489,0.02985050295402497,0.0017497133409095922,0.0037603113212500484,1.3902105745405162,21.36797968262824,0.002915868211416983,0.0009713632629619284,0.0074237547166680195,0.0021989915529365247,0.2815402878722826,0.000341518021619962,0.003747809523685306,2.4449649954695682,0.947108930194851,0.001224835282476594,0.001414890691769094,0.0016727028010697542,0.004861847219643705,0.17648838551118423,0.008963040526015183,0.007722690246442038,1.1944918960305542,48.91807666509807,"/root/ray_results/active_enhancers_vs_inactive_enhancers-0/_inner_2b146812_50_DenseRectangularMetaLayer_0_activity_regularizer_l1=0.00924,DenseRectangularMetaLayer_0_activity_regularizer_l2_2021-01-14_15-14-47"
